[
{
"SourceRelativeURL":"/loveleenverma/covid19/raw/main/ecdc_data/cases_deaths.csv",
"SinkFileName":"cases_deaths.csv"
},
{
"SourceRelativeURL":"/loveleenverma/covid19/raw/main/ecdc_data/hospital_admissions.csv",
"SinkFileName":"hospital_admissions.csv"
},
{
"SourceRelativeURL":"/loveleenverma/covid19/raw/main/ecdc_data/testing.csv",
"SinkFileName":"testing.csv"
},
{
"SourceRelativeURL":"/loveleenverma/covid19/raw/main/ecdc_data/country_response.csv",
"SinkFileName":"country_response.csv"
}
]